{
  "view/App.view.xml": 1723214419631,
  "controller/HomePage.controller.js": 1723214419631,
  "model/models.js": 1723214419631,
  "manifest.json": 1728374613892,
  "controller/App.controller.js": 1723214419631,
  "Component.js": 1723214419631,
  "Component-preload.js": 1728374614248,
  "Component-dbg.js": 1723214419631,
  "controller/HomePage-dbg.controller.js": 1723214419631,
  "controller/App-dbg.controller.js": 1723214419631,
  "model/models-dbg.js": 1723214419631,
  "view/HomePage.view.xml": 1723214419631,
  "i18n/i18n.properties": 1723214419631,
  "css/style.css": 1723214419631,
  "index.html": 1723214419631
}